age_group,patients,avg_cost,avg_los,readmit_rate,avg_severity,mortality
0-17,15,20982.266666666666,4.6,26.7,2.7333333333333334,0.0
18-35,251,18991.53669322709,4.3107569721115535,13.5,2.912350597609562,1.6
36-50,368,19323.88847826087,4.470108695652174,20.7,3.032608695652174,4.3
51-65,466,19022.444098712444,4.253218884120171,19.7,2.9892703862660945,3.6
65+,400,20462.418400000002,4.465,23.5,2.8975,8.0
