department,patients,total_cost,avg_cost,avg_los,readmit_rate,avg_severity,avg_satisfaction
Oncology,185,5948420.44,32153.624000000003,6.713513513513513,16.2,2.9513513513513514,3.46
Cardiology,243,5456761.58,22455.808971193415,5.041152263374485,23.0,2.97119341563786,3.517283950617284
Orthopedics,191,4583957.11,23999.77544502618,3.3717277486910993,25.1,2.931937172774869,3.499476439790576
Neurology,203,3563823.88,17555.78266009852,3.70935960591133,15.8,2.8275862068965516,3.5261083743842363
Pulmonology,194,3338582.83,17209.189845360826,4.324742268041237,21.1,3.051546391752577,3.489175257731959
Infectious Disease,184,3055110.31,16603.860380434784,5.831521739130435,13.6,2.9402173913043477,3.5804347826086955
Endocrinology,168,1654588.44,9848.740714285714,2.3988095238095237,25.0,3.0654761904761907,3.6178571428571424
Gastroenterology,132,1640982.39,12431.684772727273,2.9166666666666665,19.7,2.9545454545454546,3.475757575757576
