insurance_type,patients,total_cost,avg_cost,avg_covered,avg_patient_paid,coverage_rate
Private,438,8394731.23,19166.05303652968,15332.842511415523,3833.210525114155,80.0
Medicare,392,7704277.76,19653.769795918368,14740.327295918367,4913.4425,75.0
Medicaid,288,5552017.47,19277.8384375,12530.59482638889,6747.243611111111,65.0
Government,230,4500687.13,19568.20491304348,16632.974521739132,2935.230391304348,85.0
Self-Pay,152,3090513.39,20332.324934210526,0.0,20332.324934210526,0.0
