department,total,readmissions,rate,avg_cost_readmit,rate_pct
Orthopedics,191,48,0.2513089005235602,24805.46479166667,25.1
Endocrinology,168,42,0.25,9807.546666666667,25.0
Cardiology,243,56,0.23045267489711935,22009.858214285716,23.0
Pulmonology,194,41,0.211340206185567,18817.959024390246,21.1
Gastroenterology,132,26,0.19696969696969696,13359.641538461537,19.7
Oncology,185,30,0.16216216216216217,35353.808666666664,16.2
Neurology,203,32,0.15763546798029557,17180.34625,15.8
Infectious Disease,184,25,0.1358695652173913,15458.249999999998,13.6
