severity_score,patients,avg_cost,avg_los,readmit_rate,icu_rate,mortality,avg_satisfaction
1,148,16957.08918918919,4.472972972972973,12.2,0.0,4.1,3.6344594594594595
2,374,17978.621978609626,4.355614973262032,12.0,0.0,2.7,3.657754010695187
3,533,19425.785347091933,4.399624765478424,21.6,0.0,4.5,3.511632270168856
4,280,20776.040321428572,4.325,25.4,0.0,3.6,3.3910714285714287
5,165,23256.595636363636,4.345454545454546,30.9,0.0,11.5,3.358787878787879
